{
	"credit": "Made by Escartem",
	"textures": {
		"0": "custom/dark_oak_log",
		"1": "custom/smooth_stone",
		"2": "custom/gold_block",
		"3": "custom/obsidian",
		"4": "custom/iron_block",
		"particle": "custom/dark_oak_log"
	},
	"elements": [
		{
			"name": "front_main",
			"from": [-3, 19, 6],
			"to": [-2, 23, 10],
			"rotation": {"angle": 0, "axis": "z", "origin": [-3, 21, 8]},
			"faces": {
				"north": {"uv": [4, 1, 5, 7], "texture": "#1"},
				"east": {"uv": [0, 0, 6, 6], "texture": "#1"},
				"south": {"uv": [1, 1, 2, 7], "texture": "#1"},
				"west": {"uv": [1, 1, 15, 15], "texture": "#4"},
				"up": {"uv": [1, 1, 2, 7], "texture": "#1"},
				"down": {"uv": [4, 3, 5, 9], "texture": "#1"}
			}
		},
		{
			"name": "up",
			"from": [-2, 22.5, 6],
			"to": [-1, 24.5, 10],
			"rotation": {"angle": -22.5, "axis": "z", "origin": [-2, 25, 8]},
			"faces": {
				"north": {"uv": [4, 1, 5, 7], "texture": "#1"},
				"east": {"uv": [0, 0, 6, 6], "texture": "#1"},
				"south": {"uv": [1, 1, 2, 7], "texture": "#1"},
				"west": {"uv": [1, 1, 15, 5], "texture": "#4"},
				"up": {"uv": [1, 1, 2, 7], "texture": "#1"},
				"down": {"uv": [4, 3, 5, 9], "texture": "#1"}
			}
		},
		{
			"name": "down",
			"from": [-2, 17.5, 6],
			"to": [-1, 19.5, 10],
			"rotation": {"angle": 22.5, "axis": "z", "origin": [-2, 17, 8]},
			"faces": {
				"north": {"uv": [4, 7, 5, 1], "texture": "#1"},
				"east": {"uv": [0, 6, 6, 0], "texture": "#1"},
				"south": {"uv": [1, 7, 2, 1], "texture": "#1"},
				"west": {"uv": [1, 5, 15, 1], "texture": "#4"},
				"up": {"uv": [4, 9, 5, 3], "texture": "#1"},
				"down": {"uv": [1, 7, 2, 1], "texture": "#1"}
			}
		},
		{
			"name": "left",
			"from": [-3, 19, 4],
			"to": [-2, 23, 6],
			"rotation": {"angle": -22.5, "axis": "y", "origin": [-3, 21, 6]},
			"faces": {
				"north": {"uv": [4, 1, 5, 7], "texture": "#1"},
				"east": {"uv": [0, 0, 6, 6], "texture": "#1"},
				"south": {"uv": [1, 1, 2, 7], "texture": "#1"},
				"west": {"uv": [0, 1, 5, 15], "texture": "#4"},
				"up": {"uv": [1, 1, 2, 7], "texture": "#1"},
				"down": {"uv": [4, 3, 5, 9], "texture": "#1"}
			}
		},
		{
			"name": "right",
			"from": [-3, 19, 10],
			"to": [-2, 23, 12],
			"rotation": {"angle": 22.5, "axis": "y", "origin": [-3, 21, 10]},
			"faces": {
				"north": {"uv": [2, 1, 1, 7], "texture": "#1"},
				"east": {"uv": [6, 0, 0, 6], "texture": "#1"},
				"south": {"uv": [5, 1, 4, 7], "texture": "#1"},
				"west": {"uv": [4, 1, 0, 15], "texture": "#4"},
				"up": {"uv": [1, 7, 2, 1], "texture": "#1"},
				"down": {"uv": [4, 9, 5, 3], "texture": "#1"}
			}
		},
		{
			"name": "back_main",
			"from": [18, 19, 6],
			"to": [19, 23, 10],
			"rotation": {"angle": 0, "axis": "y", "origin": [26, 27, 14]},
			"faces": {
				"north": {"uv": [6, 3, 7, 9], "texture": "#1"},
				"east": {"uv": [1, 1, 15, 15], "texture": "#4"},
				"south": {"uv": [5, 1, 6, 7], "texture": "#1"},
				"west": {"uv": [0, 0, 6, 6], "texture": "#1"},
				"up": {"uv": [7, 2, 8, 8], "texture": "#1"},
				"down": {"uv": [5, 2, 6, 8], "texture": "#1"}
			}
		},
		{
			"name": "up",
			"from": [17, 22.5, 6],
			"to": [18, 24.5, 10],
			"rotation": {"angle": 22.5, "axis": "z", "origin": [18, 25, 8]},
			"faces": {
				"north": {"uv": [5, 1, 4, 7], "texture": "#1"},
				"east": {"uv": [15, 1, 1, 5], "texture": "#4"},
				"south": {"uv": [2, 1, 1, 7], "texture": "#1"},
				"west": {"uv": [6, 0, 0, 6], "texture": "#1"},
				"up": {"uv": [2, 1, 1, 7], "texture": "#1"},
				"down": {"uv": [5, 3, 4, 9], "texture": "#1"}
			}
		},
		{
			"name": "down",
			"from": [17, 17.5, 6],
			"to": [18, 19.5, 10],
			"rotation": {"angle": -22.5, "axis": "z", "origin": [18, 17, 8]},
			"faces": {
				"north": {"uv": [5, 7, 4, 1], "texture": "#1"},
				"east": {"uv": [15, 5, 1, 1], "texture": "#4"},
				"south": {"uv": [2, 7, 1, 1], "texture": "#1"},
				"west": {"uv": [6, 6, 0, 0], "texture": "#1"},
				"up": {"uv": [5, 9, 4, 3], "texture": "#1"},
				"down": {"uv": [2, 7, 1, 1], "texture": "#1"}
			}
		},
		{
			"name": "left",
			"from": [18, 19, 4],
			"to": [19, 23, 6],
			"rotation": {"angle": 22.5, "axis": "y", "origin": [19, 21, 6]},
			"faces": {
				"north": {"uv": [5, 1, 4, 7], "texture": "#1"},
				"east": {"uv": [5, 1, 0, 15], "texture": "#4"},
				"south": {"uv": [2, 1, 1, 7], "texture": "#1"},
				"west": {"uv": [6, 0, 0, 6], "texture": "#1"},
				"up": {"uv": [2, 1, 1, 7], "texture": "#1"},
				"down": {"uv": [5, 3, 4, 9], "texture": "#1"}
			}
		},
		{
			"name": "right",
			"from": [18, 19, 10],
			"to": [19, 23, 12],
			"rotation": {"angle": -22.5, "axis": "y", "origin": [19, 21, 10]},
			"faces": {
				"north": {"uv": [1, 1, 2, 7], "texture": "#1"},
				"east": {"uv": [0, 1, 4, 15], "texture": "#4"},
				"south": {"uv": [4, 1, 5, 7], "texture": "#1"},
				"west": {"uv": [0, 0, 6, 6], "texture": "#1"},
				"up": {"uv": [2, 7, 1, 1], "texture": "#1"},
				"down": {"uv": [5, 9, 4, 3], "texture": "#1"}
			}
		},
		{
			"name": "side_main",
			"from": [1, 19, 3],
			"to": [15, 23, 4],
			"rotation": {"angle": 0, "axis": "y", "origin": [9, 27, 11]},
			"faces": {
				"north": {"uv": [1, 1, 15, 7], "texture": "#4"},
				"east": {"uv": [1, 9, 2, 15], "texture": "#1"},
				"south": {"uv": [5, 1, 6, 7], "texture": "#1"},
				"west": {"uv": [1, 1, 2, 7], "texture": "#1"},
				"up": {"uv": [2, 7, 14, 8], "texture": "#1"},
				"down": {"uv": [2, 7, 14, 8], "texture": "#1"}
			}
		},
		{
			"name": "corner_right",
			"from": [-2, 19.1, 1.4],
			"to": [0.7, 22.9, 2.4],
			"rotation": {"angle": 22.5, "axis": "y", "origin": [5, 19, 1]},
			"faces": {
				"north": {"uv": [12, 1, 16, 7], "texture": "#1"},
				"east": {"uv": [1, 9, 2, 15], "texture": "#1"},
				"south": {"uv": [5, 1, 6, 7], "texture": "#1"},
				"west": {"uv": [1, 1, 2, 7], "texture": "#1"},
				"up": {"uv": [0, 4, 4, 10], "texture": "#1"},
				"down": {"uv": [0, 6, 4, 11], "texture": "#1"}
			}
		},
		{
			"name": "corner_left",
			"from": [15.3, 19.1, 1.4],
			"to": [18, 22.9, 2.4],
			"rotation": {"angle": -22.5, "axis": "y", "origin": [11, 19, 1]},
			"faces": {
				"north": {"uv": [16, 1, 12, 7], "texture": "#1"},
				"east": {"uv": [2, 1, 1, 7], "texture": "#1"},
				"south": {"uv": [6, 1, 5, 7], "texture": "#1"},
				"west": {"uv": [2, 9, 1, 15], "texture": "#1"},
				"up": {"uv": [4, 5, 0, 10], "texture": "#1"},
				"down": {"uv": [4, 3, 0, 10], "texture": "#1"}
			}
		},
		{
			"name": "side_main",
			"from": [1, 19, 12],
			"to": [15, 23, 13],
			"rotation": {"angle": 0, "axis": "y", "origin": [9, 27, 20]},
			"faces": {
				"north": {"uv": [1, 1, 15, 7], "texture": "#1"},
				"east": {"uv": [1, 9, 2, 15], "texture": "#1"},
				"south": {"uv": [1, 4, 13, 10], "texture": "#4"},
				"west": {"uv": [1, 1, 2, 7], "texture": "#1"},
				"up": {"uv": [2, 7, 14, 8], "texture": "#1"},
				"down": {"uv": [2, 7, 14, 8], "texture": "#1"}
			}
		},
		{
			"name": "corner_left",
			"from": [15.3, 19.1, 13.6],
			"to": [18, 22.9, 14.6],
			"rotation": {"angle": 22.5, "axis": "y", "origin": [11, 19, 15]},
			"faces": {
				"north": {"uv": [5, 1, 6, 7], "texture": "#1"},
				"east": {"uv": [1, 1, 2, 7], "texture": "#1"},
				"south": {"uv": [12, 1, 16, 7], "texture": "#1"},
				"west": {"uv": [1, 9, 2, 15], "texture": "#1"},
				"up": {"uv": [4, 10, 0, 4], "texture": "#1"},
				"down": {"uv": [4, 10, 0, 4], "texture": "#1"}
			}
		},
		{
			"name": "corner_right",
			"from": [-2, 19.1, 13.6],
			"to": [0.7, 22.9, 14.6],
			"rotation": {"angle": -22.5, "axis": "y", "origin": [5, 19, 15]},
			"faces": {
				"north": {"uv": [6, 1, 5, 7], "texture": "#1"},
				"east": {"uv": [2, 9, 1, 15], "texture": "#1"},
				"south": {"uv": [16, 1, 12, 7], "texture": "#1"},
				"west": {"uv": [2, 1, 1, 7], "texture": "#1"},
				"up": {"uv": [0, 12, 4, 2], "texture": "#1"},
				"down": {"uv": [0, 10, 4, 3], "texture": "#1"}
			}
		},
		{
			"name": "top_main",
			"from": [1, 25, 6],
			"to": [15, 26, 10],
			"rotation": {"angle": 0, "axis": "y", "origin": [9, 33, 14]},
			"faces": {
				"north": {"uv": [1, 1, 15, 2], "texture": "#1"},
				"east": {"uv": [1, 14, 15, 15], "texture": "#1"},
				"south": {"uv": [1, 9, 13, 10], "texture": "#1"},
				"west": {"uv": [1, 1, 15, 2], "texture": "#1"},
				"up": {"uv": [2, 2, 14, 8], "texture": "#1"},
				"down": {"uv": [2, 7, 14, 8], "texture": "#1"}
			}
		},
		{
			"name": "corner_left",
			"from": [-1.7, 24.55, 6.1],
			"to": [1, 25.55, 9.9],
			"rotation": {"angle": 22.5, "axis": "z", "origin": [0, 26, 8]},
			"faces": {
				"north": {"uv": [4, 3, 0, 9], "texture": "#1"},
				"east": {"uv": [2, 9, 1, 15], "texture": "#1"},
				"south": {"uv": [16, 3, 12, 9], "texture": "#1"},
				"west": {"uv": [2, 1, 1, 7], "texture": "#1"},
				"up": {"uv": [0, 9, 4, 3], "texture": "#1"},
				"down": {"uv": [2, 8, 14, 7], "texture": "#1"}
			}
		},
		{
			"name": "corner_left",
			"from": [15, 24.55, 6.1],
			"to": [17.7, 25.55, 9.9],
			"rotation": {"angle": -22.5, "axis": "z", "origin": [16, 26, 8]},
			"faces": {
				"north": {"uv": [0, 3, 4, 9], "texture": "#1"},
				"east": {"uv": [1, 1, 2, 7], "texture": "#1"},
				"south": {"uv": [12, 3, 16, 9], "texture": "#1"},
				"west": {"uv": [1, 9, 2, 15], "texture": "#1"},
				"up": {"uv": [4, 9, 0, 3], "texture": "#1"},
				"down": {"uv": [14, 8, 2, 7], "texture": "#1"}
			}
		},
		{
			"name": "hammer_main",
			"from": [-2, 17, 4],
			"to": [18, 25, 12],
			"rotation": {"angle": 0, "axis": "y", "origin": [6, 25, 12]},
			"faces": {
				"north": {"uv": [0, 2, 16, 10], "texture": "#4"},
				"east": {"uv": [0, 0, 16, 16], "texture": "#4"},
				"south": {"uv": [0, 3, 16, 11], "texture": "#4"},
				"west": {"uv": [0, 0, 16, 16], "texture": "#4"},
				"up": {"uv": [0, 3, 16, 11], "texture": "#4"},
				"down": {"uv": [0, 3, 16, 11], "texture": "#4"}
			}
		},
		{
			"name": "hammer_down",
			"from": [5, 16, 5],
			"to": [11, 17, 11],
			"rotation": {"angle": 0, "axis": "y", "origin": [13, 24, 13]},
			"faces": {
				"north": {"uv": [0, 0, 6, 1], "texture": "#1"},
				"east": {"uv": [0, 0, 6, 1], "texture": "#1"},
				"south": {"uv": [0, 0, 6, 1], "texture": "#1"},
				"west": {"uv": [0, 0, 6, 1], "texture": "#1"},
				"up": {"uv": [0, 0, 6, 6], "texture": "#1"},
				"down": {"uv": [0, 0, 16, 16], "texture": "#1"}
			}
		},
		{
			"name": "handle_main",
			"from": [6, 3, 6],
			"to": [10, 16, 10],
			"rotation": {"angle": 0, "axis": "y", "origin": [14, 11, 14]},
			"faces": {
				"north": {"uv": [0, 0, 4, 16], "texture": "#0"},
				"east": {"uv": [0, 0, 4, 16], "texture": "#0"},
				"south": {"uv": [0, 0, 4, 16], "texture": "#0"},
				"west": {"uv": [0, 0, 4, 16], "texture": "#0"},
				"up": {"uv": [0, 0, 4, 4], "texture": "#0"},
				"down": {"uv": [12, 12, 16, 16], "texture": "#0"}
			}
		},
		{
			"name": "angle_3",
			"from": [6, 13.05, 5.6],
			"to": [7.4, 13.95, 6.6],
			"rotation": {"angle": 45, "axis": "y", "origin": [6, 13, 7]},
			"faces": {
				"north": {"uv": [5, 6, 9.4, 8.9], "texture": "#2"},
				"east": {"uv": [0, 0, 1, 0.9], "texture": "#1"},
				"south": {"uv": [0, 0, 1.4, 0.9], "texture": "#1"},
				"west": {"uv": [0, 0, 1, 0.9], "texture": "#1"},
				"up": {"uv": [6, 4, 7, 5.4], "rotation": 90, "texture": "#2"},
				"down": {"uv": [8, 5, 9, 6.4], "rotation": 270, "texture": "#2"}
			}
		},
		{
			"name": "angle_4",
			"from": [9, 13.05, 4.6],
			"to": [10.4, 13.95, 5.6],
			"rotation": {"angle": -45, "axis": "y", "origin": [9, 13, 6]},
			"faces": {
				"north": {"uv": [5, 6, 9.4, 8.9], "texture": "#2"},
				"east": {"uv": [0, 0, 1, 0.9], "texture": "#1"},
				"south": {"uv": [0, 0, 1.4, 0.9], "texture": "#1"},
				"west": {"uv": [0, 0, 1, 0.9], "texture": "#1"},
				"up": {"uv": [6, 4, 7, 5.4], "rotation": 90, "texture": "#2"},
				"down": {"uv": [8, 5, 9, 6.4], "rotation": 270, "texture": "#2"}
			}
		},
		{
			"name": "angle_5",
			"from": [8.6, 13.05, 9.4],
			"to": [10, 13.95, 10.4],
			"rotation": {"angle": 45, "axis": "y", "origin": [10, 13, 9]},
			"faces": {
				"north": {"uv": [0, 0, 1.4, 0.9], "texture": "#1"},
				"east": {"uv": [0, 0, 1, 0.9], "texture": "#1"},
				"south": {"uv": [5, 6, 9.4, 8.9], "texture": "#2"},
				"west": {"uv": [0, 0, 1, 0.9], "texture": "#1"},
				"up": {"uv": [6, 4, 7, 5.4], "rotation": 270, "texture": "#2"},
				"down": {"uv": [8, 5, 9, 6.4], "rotation": 90, "texture": "#2"}
			}
		},
		{
			"name": "angle_6",
			"from": [5.6, 13.05, 10.4],
			"to": [7, 13.95, 11.4],
			"rotation": {"angle": -45, "axis": "y", "origin": [7, 13, 10]},
			"faces": {
				"north": {"uv": [0, 0, 1.4, 0.9], "texture": "#1"},
				"east": {"uv": [0, 0, 1, 0.9], "texture": "#1"},
				"south": {"uv": [5, 6, 9.4, 8.9], "texture": "#2"},
				"west": {"uv": [0, 0, 1, 0.9], "texture": "#1"},
				"up": {"uv": [6, 4, 7, 5.4], "rotation": 270, "texture": "#2"},
				"down": {"uv": [8, 5, 9, 6.4], "rotation": 90, "texture": "#2"}
			}
		},
		{
			"name": "front",
			"from": [6, 13, 5],
			"to": [10, 14, 6],
			"rotation": {"angle": 0, "axis": "y", "origin": [14, 21, 13]},
			"faces": {
				"north": {"uv": [3, 3, 7, 4], "texture": "#2"},
				"east": {"uv": [7, 4, 8, 5], "texture": "#2"},
				"south": {"uv": [3, 3, 7, 4], "texture": "#2"},
				"west": {"uv": [3, 3, 4, 4], "texture": "#2"},
				"up": {"uv": [3, 3, 7, 4], "texture": "#2"},
				"down": {"uv": [6, 5, 10, 6], "texture": "#2"}
			}
		},
		{
			"name": "back",
			"from": [6, 13, 10],
			"to": [10, 14, 11],
			"rotation": {"angle": 0, "axis": "y", "origin": [14, 21, 18]},
			"faces": {
				"north": {"uv": [2, 3, 6, 4], "texture": "#2"},
				"east": {"uv": [8, 4, 9, 5], "texture": "#2"},
				"south": {"uv": [4, 6, 8, 7], "texture": "#2"},
				"west": {"uv": [8, 5, 9, 6], "texture": "#2"},
				"up": {"uv": [4, 8, 8, 9], "texture": "#2"},
				"down": {"uv": [5, 7, 9, 8], "texture": "#2"}
			}
		},
		{
			"name": "left",
			"from": [10, 13, 6],
			"to": [11, 14, 10],
			"rotation": {"angle": 0, "axis": "y", "origin": [18, 21, 14]},
			"faces": {
				"north": {"uv": [4, 2, 5, 3], "texture": "#2"},
				"east": {"uv": [5, 6, 11, 7], "texture": "#2"},
				"south": {"uv": [4, 5, 5, 6], "texture": "#2"},
				"west": {"uv": [3, 3, 9, 4], "texture": "#2"},
				"up": {"uv": [6, 4, 7, 10], "texture": "#2"},
				"down": {"uv": [5, 2, 6, 8], "texture": "#2"}
			}
		},
		{
			"name": "right",
			"from": [5, 13, 6],
			"to": [6, 14, 10],
			"rotation": {"angle": 0, "axis": "y", "origin": [13, 21, 14]},
			"faces": {
				"north": {"uv": [5, 4, 6, 5], "texture": "#2"},
				"east": {"uv": [1, 3, 7, 4], "texture": "#2"},
				"south": {"uv": [1, 1, 2, 2], "texture": "#2"},
				"west": {"uv": [4, 7, 10, 8], "texture": "#2"},
				"up": {"uv": [4, 5, 5, 11], "texture": "#2"},
				"down": {"uv": [5, 3, 6, 9], "texture": "#2"}
			}
		},
		{
			"name": "angle_2",
			"from": [6, 9.05, 5.6],
			"to": [7.4, 9.95, 6.6],
			"rotation": {"angle": 45, "axis": "y", "origin": [6, 9, 7]},
			"faces": {
				"north": {"uv": [5, 6, 9.4, 8.9], "texture": "#2"},
				"east": {"uv": [0, 0, 1, 0.9], "texture": "#1"},
				"south": {"uv": [0, 0, 1.4, 0.9], "texture": "#1"},
				"west": {"uv": [0, 0, 1, 0.9], "texture": "#1"},
				"up": {"uv": [6, 4, 7, 5.4], "rotation": 90, "texture": "#2"},
				"down": {"uv": [8, 5, 9, 6.4], "rotation": 270, "texture": "#2"}
			}
		},
		{
			"name": "angle_3",
			"from": [9, 9.05, 4.6],
			"to": [10.4, 9.95, 5.6],
			"rotation": {"angle": -45, "axis": "y", "origin": [9, 9, 6]},
			"faces": {
				"north": {"uv": [5, 6, 9.4, 8.9], "texture": "#2"},
				"east": {"uv": [0, 0, 1, 0.9], "texture": "#1"},
				"south": {"uv": [0, 0, 1.4, 0.9], "texture": "#1"},
				"west": {"uv": [0, 0, 1, 0.9], "texture": "#1"},
				"up": {"uv": [6, 4, 7, 5.4], "rotation": 90, "texture": "#2"},
				"down": {"uv": [8, 5, 9, 6.4], "rotation": 270, "texture": "#2"}
			}
		},
		{
			"name": "angle_4",
			"from": [8.6, 9.05, 9.4],
			"to": [10, 9.95, 10.4],
			"rotation": {"angle": 45, "axis": "y", "origin": [10, 9, 9]},
			"faces": {
				"north": {"uv": [0, 0, 1.4, 0.9], "texture": "#1"},
				"east": {"uv": [0, 0, 1, 0.9], "texture": "#1"},
				"south": {"uv": [5, 6, 9.4, 8.9], "texture": "#2"},
				"west": {"uv": [0, 0, 1, 0.9], "texture": "#1"},
				"up": {"uv": [6, 4, 7, 5.4], "rotation": 270, "texture": "#2"},
				"down": {"uv": [8, 5, 9, 6.4], "rotation": 90, "texture": "#2"}
			}
		},
		{
			"name": "angle_5",
			"from": [5.6, 9.05, 10.4],
			"to": [7, 9.95, 11.4],
			"rotation": {"angle": -45, "axis": "y", "origin": [7, 9, 10]},
			"faces": {
				"north": {"uv": [0, 0, 1.4, 0.9], "texture": "#1"},
				"east": {"uv": [0, 0, 1, 0.9], "texture": "#1"},
				"south": {"uv": [5, 6, 9.4, 8.9], "texture": "#2"},
				"west": {"uv": [0, 0, 1, 0.9], "texture": "#1"},
				"up": {"uv": [6, 4, 7, 5.4], "rotation": 270, "texture": "#2"},
				"down": {"uv": [8, 5, 9, 6.4], "rotation": 90, "texture": "#2"}
			}
		},
		{
			"name": "front",
			"from": [6, 9, 5],
			"to": [10, 10, 6],
			"rotation": {"angle": 0, "axis": "y", "origin": [14, 17, 13]},
			"faces": {
				"north": {"uv": [3, 3, 7, 4], "texture": "#2"},
				"east": {"uv": [5, 4, 6, 5], "texture": "#2"},
				"south": {"uv": [1, 2, 5, 3], "texture": "#2"},
				"west": {"uv": [6, 3, 7, 4], "texture": "#2"},
				"up": {"uv": [3, 3, 7, 4], "texture": "#2"},
				"down": {"uv": [6, 5, 10, 6], "texture": "#2"}
			}
		},
		{
			"name": "back",
			"from": [6, 9, 10],
			"to": [10, 10, 11],
			"rotation": {"angle": 0, "axis": "y", "origin": [14, 17, 18]},
			"faces": {
				"north": {"uv": [2, 3, 6, 4], "texture": "#2"},
				"east": {"uv": [7, 5, 8, 6], "texture": "#2"},
				"south": {"uv": [4, 6, 8, 7], "texture": "#2"},
				"west": {"uv": [6, 5, 7, 6], "texture": "#2"},
				"up": {"uv": [4, 8, 8, 9], "texture": "#2"},
				"down": {"uv": [5, 7, 9, 8], "texture": "#2"}
			}
		},
		{
			"name": "left",
			"from": [10, 9, 6],
			"to": [11, 10, 10],
			"rotation": {"angle": 0, "axis": "y", "origin": [18, 17, 14]},
			"faces": {
				"north": {"uv": [4, 2, 5, 3], "texture": "#2"},
				"east": {"uv": [5, 6, 11, 7], "texture": "#2"},
				"south": {"uv": [4, 5, 5, 6], "texture": "#2"},
				"west": {"uv": [3, 5, 9, 6], "texture": "#2"},
				"up": {"uv": [6, 4, 7, 10], "texture": "#2"},
				"down": {"uv": [5, 2, 6, 8], "texture": "#2"}
			}
		},
		{
			"name": "right",
			"from": [5, 9, 6],
			"to": [6, 10, 10],
			"rotation": {"angle": 0, "axis": "y", "origin": [13, 17, 14]},
			"faces": {
				"north": {"uv": [5, 4, 6, 5], "texture": "#2"},
				"east": {"uv": [5, 3, 11, 4], "texture": "#2"},
				"south": {"uv": [1, 1, 2, 2], "texture": "#2"},
				"west": {"uv": [4, 7, 10, 8], "texture": "#2"},
				"up": {"uv": [4, 5, 5, 11], "texture": "#2"},
				"down": {"uv": [5, 3, 6, 9], "texture": "#2"}
			}
		},
		{
			"name": "angle_1",
			"from": [6, 5.05, 5.6],
			"to": [7.4, 5.95, 6.6],
			"rotation": {"angle": 45, "axis": "y", "origin": [6, 5, 7]},
			"faces": {
				"north": {"uv": [5, 6, 9.4, 8.9], "texture": "#2"},
				"east": {"uv": [0, 0, 1, 0.9], "texture": "#1"},
				"south": {"uv": [0, 0, 1.4, 0.9], "texture": "#1"},
				"west": {"uv": [0, 0, 1, 0.9], "texture": "#1"},
				"up": {"uv": [6, 4, 7, 5.4], "rotation": 90, "texture": "#2"},
				"down": {"uv": [8, 5, 9, 6.4], "rotation": 270, "texture": "#2"}
			}
		},
		{
			"name": "angle_2",
			"from": [9, 5.05, 4.6],
			"to": [10.4, 5.95, 5.6],
			"rotation": {"angle": -45, "axis": "y", "origin": [9, 5, 6]},
			"faces": {
				"north": {"uv": [5, 6, 9.4, 8.9], "texture": "#2"},
				"east": {"uv": [0, 0, 1, 0.9], "texture": "#1"},
				"south": {"uv": [0, 0, 1.4, 0.9], "texture": "#1"},
				"west": {"uv": [0, 0, 1, 0.9], "texture": "#1"},
				"up": {"uv": [6, 4, 7, 5.4], "rotation": 90, "texture": "#2"},
				"down": {"uv": [8, 5, 9, 6.4], "rotation": 270, "texture": "#2"}
			}
		},
		{
			"name": "angle_3",
			"from": [8.6, 5.05, 9.4],
			"to": [10, 5.95, 10.4],
			"rotation": {"angle": 45, "axis": "y", "origin": [10, 5, 9]},
			"faces": {
				"north": {"uv": [0, 0, 1.4, 0.9], "texture": "#1"},
				"east": {"uv": [0, 0, 1, 0.9], "texture": "#1"},
				"south": {"uv": [5, 6, 9.4, 8.9], "texture": "#2"},
				"west": {"uv": [0, 0, 1, 0.9], "texture": "#1"},
				"up": {"uv": [6, 4, 7, 5.4], "rotation": 270, "texture": "#2"},
				"down": {"uv": [8, 5, 9, 6.4], "rotation": 90, "texture": "#2"}
			}
		},
		{
			"name": "angle_4",
			"from": [5.6, 5.05, 10.4],
			"to": [7, 5.95, 11.4],
			"rotation": {"angle": -45, "axis": "y", "origin": [7, 5, 10]},
			"faces": {
				"north": {"uv": [0, 0, 1.4, 0.9], "texture": "#1"},
				"east": {"uv": [0, 0, 1, 0.9], "texture": "#1"},
				"south": {"uv": [5, 6, 9.4, 8.9], "texture": "#2"},
				"west": {"uv": [0, 0, 1, 0.9], "texture": "#1"},
				"up": {"uv": [6, 4, 7, 5.4], "rotation": 270, "texture": "#2"},
				"down": {"uv": [8, 5, 9, 6.4], "rotation": 90, "texture": "#2"}
			}
		},
		{
			"name": "front",
			"from": [6, 5, 5],
			"to": [10, 6, 6],
			"rotation": {"angle": 0, "axis": "z", "origin": [6, 5, 5]},
			"faces": {
				"north": {"uv": [3, 3, 7, 4], "texture": "#2"},
				"east": {"uv": [5, 5, 6, 6], "texture": "#2"},
				"south": {"uv": [4, 2, 8, 3], "texture": "#2"},
				"west": {"uv": [4, 4, 5, 5], "texture": "#2"},
				"up": {"uv": [3, 3, 7, 4], "texture": "#2"},
				"down": {"uv": [6, 5, 10, 6], "texture": "#2"}
			}
		},
		{
			"name": "back",
			"from": [6, 5, 10],
			"to": [10, 6, 11],
			"rotation": {"angle": 0, "axis": "y", "origin": [14, 13, 18]},
			"faces": {
				"north": {"uv": [3, 4, 7, 5], "texture": "#2"},
				"east": {"uv": [5, 3, 6, 4], "texture": "#2"},
				"south": {"uv": [4, 6, 8, 7], "texture": "#2"},
				"west": {"uv": [7, 4, 8, 5], "texture": "#2"},
				"up": {"uv": [4, 8, 8, 9], "texture": "#2"},
				"down": {"uv": [5, 7, 9, 8], "texture": "#2"}
			}
		},
		{
			"name": "left",
			"from": [10, 5, 6],
			"to": [11, 6, 10],
			"rotation": {"angle": 0, "axis": "y", "origin": [18, 13, 14]},
			"faces": {
				"north": {"uv": [4, 2, 5, 3], "texture": "#2"},
				"east": {"uv": [5, 6, 11, 7], "texture": "#2"},
				"south": {"uv": [4, 5, 5, 6], "texture": "#2"},
				"west": {"uv": [5, 4, 11, 5], "texture": "#2"},
				"up": {"uv": [6, 4, 7, 10], "texture": "#2"},
				"down": {"uv": [5, 2, 6, 8], "texture": "#2"}
			}
		},
		{
			"name": "right",
			"from": [5, 5, 6],
			"to": [6, 6, 10],
			"rotation": {"angle": 0, "axis": "y", "origin": [13, 13, 14]},
			"faces": {
				"north": {"uv": [5, 4, 6, 5], "texture": "#2"},
				"east": {"uv": [4, 5, 10, 6], "texture": "#2"},
				"south": {"uv": [1, 1, 2, 2], "texture": "#2"},
				"west": {"uv": [4, 7, 10, 8], "texture": "#2"},
				"up": {"uv": [4, 5, 5, 11], "texture": "#2"},
				"down": {"uv": [5, 3, 6, 9], "texture": "#2"}
			}
		},
		{
			"name": "handle_bottom_1",
			"from": [5, 1, 5],
			"to": [11, 3, 11],
			"rotation": {"angle": 0, "axis": "y", "origin": [13, 9, 13]},
			"faces": {
				"north": {"uv": [8, 9, 14, 11], "texture": "#1"},
				"east": {"uv": [3, 4, 9, 6], "texture": "#1"},
				"south": {"uv": [4, 3, 12, 6], "texture": "#1"},
				"west": {"uv": [3, 5, 9, 7], "texture": "#1"},
				"up": {"uv": [0, 0, 16, 16], "texture": "#1"},
				"down": {"uv": [0, 0, 16, 16], "texture": "#1"}
			}
		},
		{
			"name": "bottom_2_main",
			"from": [6.25, 0, 6.25],
			"to": [9.75, 1, 9.75],
			"rotation": {"angle": 0, "axis": "y", "origin": [8, 0, 8]},
			"faces": {
				"north": {"uv": [8, 9, 14, 11], "texture": "#3"},
				"east": {"uv": [3, 4, 9, 6], "texture": "#3"},
				"south": {"uv": [4, 3, 12, 6], "texture": "#3"},
				"west": {"uv": [3, 5, 9, 7], "texture": "#3"},
				"up": {"uv": [0, 0, 16, 16], "texture": "#1"},
				"down": {"uv": [0, 0, 16, 16], "texture": "#3"}
			}
		},
		{
			"name": "bottom_3",
			"from": [5.75, 0.5, 5.75],
			"to": [10.25, 1, 10.25],
			"rotation": {"angle": 0, "axis": "y", "origin": [8, 0, 8]},
			"faces": {
				"north": {"uv": [8, 9, 14, 11], "texture": "#3"},
				"east": {"uv": [3, 4, 9, 6], "texture": "#3"},
				"south": {"uv": [4, 3, 12, 6], "texture": "#3"},
				"west": {"uv": [3, 5, 9, 7], "texture": "#3"},
				"up": {"uv": [0, 0, 16, 16], "texture": "#1"},
				"down": {"uv": [0, 0, 16, 16], "texture": "#3"}
			}
		}
	],
	"display": {
		"thirdperson_righthand": {
			"rotation": [0, 90, 0],
			"translation": [0, -1, 0],
			"scale": [0.65, 0.65, 0.65]
		},
		"thirdperson_lefthand": {
			"rotation": [0, 90, 0],
			"translation": [0, -1, 0],
			"scale": [0.65, 0.65, 0.65]
		},
		"firstperson_righthand": {
			"rotation": [-33, 90, 0],
			"translation": [3.75, 0, -4.5]
		},
		"firstperson_lefthand": {
			"rotation": [-33, 90, 0],
			"translation": [3.75, 0, -4.5]
		},
		"ground": {
			"rotation": [-180, 0, 0],
			"translation": [0, 13, 0]
		},
		"gui": {
			"rotation": [10, -180, 22],
			"translation": [-2, -2.75, 0],
			"scale": [0.5, 0.5, 0.5]
		},
		"fixed": {
			"translation": [0, -3.75, 0],
			"scale": [0.75, 0.75, 0.75]
		}
	},
	"groups": [
		{
			"name": "hammer",
			"origin": [26, 25, 13],
			"children": [
				{
					"name": "hammer_up",
					"origin": [26, 25, 13],
					"children": [
						{
							"name": "hammer_front",
							"origin": [5, 26, 13],
							"children": [0, 1, 2, 3, 4]
						},
						{
							"name": "hammer_back",
							"origin": [9, 27, 20],
							"children": [5, 6, 7, 8, 9]
						},
						{
							"name": "hammer_side_1",
							"origin": [9, 27, 11],
							"children": [10, 11, 12]
						},
						{
							"name": "hammer_side_2",
							"origin": [26, 25, 13],
							"children": [13, 14, 15]
						},
						{
							"name": "hammer_top",
							"origin": [0, 26, 8],
							"children": [16, 17, 18]
						}, 19, 20]
				},
				{
					"name": "handle",
					"origin": [8, 8, 8],
					"children": [21,
						{
							"name": "rings",
							"origin": [8, 8, 8],
							"children": [
								{
									"name": "ring_1",
									"origin": [8, 8, 8],
									"children": [
										{
											"name": "angles",
											"origin": [8, 8, 8],
											"children": [22, 23, 24, 25]
										}, 26, 27, 28, 29]
								},
								{
									"name": "ring_2",
									"origin": [8, 8, 8],
									"children": [
										{
											"name": "angles",
											"origin": [8, 8, 8],
											"children": [30, 31, 32, 33]
										}, 34, 35, 36, 37]
								},
								{
									"name": "ring_3",
									"origin": [8, 8, 8],
									"children": [
										{
											"name": "angles",
											"origin": [8, 8, 8],
											"children": [38, 39, 40, 41]
										}, 42, 43, 44, 45]
								}
							]
						},
						{
							"name": "bottom",
							"origin": [8, 8, 8],
							"children": [46,
								{
									"name": "handle_bottom_2",
									"origin": [14, 8, 14],
									"children": [47, 48]
								}
							]
						}
					]
				}
			]
		}
	]
}